Workbook

Sheet QEF
A1: q | B1: D | C1: Qi | D1: Dimension | E1: Qj | F1: Wij | G1: Factor | H1: rwjk | I1: Requirement | J1: wfk%
A2: =(1-(B2/(SQRT(3)))) -> 0 | B2: =SQRT((1-C2/100)^2+(1-C12/100)^2+(1-C21/100)^2) -> 1.7320508 | C2: =SUMPRODUCT(E2:E11, F2:F11) -> 0 | D2: Functionality | E2: =(1/SUM(H2:H3))*SUMPRODUCT(H2:H3,J2:J3) -> 0 | F2: =COUNT(H2:H3)/COUNT(H2:H11) -> 0.2 | G2: Navigation | H2: 10 | I2: FN1 - A function to easily Navigate the website (e.g. navigation bar, etc) | J2: 0
H3: 10 | I3: FN2 - All links redirect to the correct pages/content | J3: 0
E4: =(1/SUM(H4:H6))*SUMPRODUCT(H4:H6,J4:J6) -> 0 | F4: =COUNT(H4:H6)/COUNT(H2:H11) -> 0.3 | G4: Interactive Elements, Forms, FAQ | H4: 10 | I4: FI1 - Interactive elements work as intended | J4: 0
H5: 4 | I5: FI2 - A FAQ Page exist | J5: 0
H6: 8 | I6: FI3 - Platform has Quizzes | J6: 0
E7: =(1/SUM(H7:H8))*SUMPRODUCT(H7:H8,J7:J8) -> 0 | F7: =COUNT(H7:H8)/COUNT(H2:H11) -> 0.2 | G7: Multimedia, Integrations | H7: 10 | I7: FM1 - Multimedia elements (images, videos) load correctly | J7: 0
H8: 6 | I8: FM2 - Progression System | J8: 0
E9: =(1/SUM(H9:H10))*SUMPRODUCT(H9:H10,J9:J10) -> 0 | F9: =COUNT(H9:H10)/COUNT(H2:H11) -> 0.2 | G9: Responsiveness, Performance | H9: 8 | I9: FR1 - Pages and resources load without broken elements | J9: 0
H10: 6 | I10: FR2 - Feedback is implemented | J10: 0
E11: =(1/SUM(H11))*SUMPRODUCT(H11,J11) -> 0 | F11: =COUNT(H11:H11)/COUNT(H2:H11) -> 0.1 | G11: Security, Error Handling | H11: 4 | I11: FS1 - Error Handling | J11: 0
C12: =SUMPRODUCT(E12:E20, F12:F20) -> 0 | D12: Efficiency | E12: =(1/SUM(H12:H20))*SUMPRODUCT(H12:H20,J12:J20) -> 0 | F12: 1 | G12: Efficiency | H12: 10 | I12: E01: The communication speed is adequate | J12: 0
H13: 10 | I13: E02: The website work realiably | J13: 0
H14: 6 | I14: E03 - Good performance, capable of handling a large number of simultaneous users. | J14: 0
H15: 2 | I15: E04 - Scalable, capable of easily adding future lessons and content (efficient system growth). | J15: 0
H16: 8 | I16: E05 - Pages load quickly and efficiently. | J16: 0
H17: 8 | I17: E06 - Website provides consistent behavior. | J17: 0
H18: 6 | I18: E08 - Minimal loading times for main sections. | J18: 0
H19: 8 | I19: E09 - Website main sections and links are functional and responsive. | J19: 0
H20: 8 | I20: E10 - Navigation menus work consistently across pages. | J20: 0
C21: =SUMPRODUCT(E21:E37,F21:F37) -> 0 | D21: Adaptability | E21: =(1/SUM(H21:H25))*SUMPRODUCT(H21:H25,J21:J25) -> 0 | F21: 0.3 | G21: Readability | H21: 10 | I21: AR1 - High contrast between elements | J21: 0
H22: 10 | I22: AR2 - Clickable elements like links and buttons are easily identifiable. | J22: 0
H23: 10 | I23: AR3 - Legible font choices | J23: 0
H24: 8 | I24: AR4 - Adequate line spacing and length | J24: 0
H25: 8 | I25: AR5 - Readable typography | J25: 0
E26: =(1/SUM(H26:H28))*SUMPRODUCT(H26:H28,J26:J28) -> 0 | F26: 0.3 | G26: Ease-of-Use | H26: 10 | I26: AE1 - Clear and consistent navigation patterns. | J26: 0
H27: 6 | I27: AE2 - User-friendly and responsive navigation for different devices | J27: 0
H28: 8 | I28: AE3 - User can jump to any section of the website with ease | J28: 0
E29: =(1/SUM(H29:H34))*SUMPRODUCT(H29:H34,J29:J34) -> 0 | F29: 0.3 | G29: Accessibility | H29: 4 | I29: AA1 - Avoid using color as the only means of conveying information. | J29: 0
H30: 8 | I30: AA2 - Keyboard-only navigation is possible | J30: 0
H31: 8 | I31: AA3 - Page follows logical reading order for assistive tech | J31: 0
H32: 10 | I32: AA4 - Resizable text up to 200% without content loss. | J32: 0
H33: 8 | I33: AA5 - Multimedia content includes captions or transcripts | J33: 0
H34: 6 | I34: AA6 - Minimize complex language; use plain, understandable text. | J34: 0
E35: =(1/SUM(H35:H37))*SUMPRODUCT(H35:H37,J35:J37) -> 0 | F35: 0.1 | G35: Support for low end devices | H35: 6 | I35: AS1 - Fast and responsive regardless of device | J35: 0
H36: 2 | I36: AS2 - Font choice and size are adequate for all devices | J36: 0
H37: 10 | I37: AS3 - All features working on all commonly used browsers | J37: 0

Sheet Functionality
A1: Dimension | B1: Functionality
A2: Factor | B2: Navigation
C4: Wfk - Fullfilment (%)
A5: Requirement | B5: Metric Evaluation | C5: 0 | D5: 25 | E5: 50 | F5: 75 | G5: 100
A6: =QEF!I2 -> FN1 - A function to easily Navigate the website (e.g. navigation bar, etc) | B6: Users can easily navigate between main sections using the navigation bar | C6: Navigation bar is missing or does not function | D6: Navigation works only on some pages, inconsistent structure | E6: Navigation mostly works but presents layout inconsistencies | F6: Navigation is stable with only minor layout issues | G6: Navigation is fully functional, consistent and intuitive across all pages
A7: =QEF!I3 -> FN2 - All links redirect to the correct pages/content | B7: All links correctly redirect to intended pages | C7: Most links are broken or redirect incorrectly | D7: Several links are incorrect or missing | E7: Minor broken links, majority functional | F7: All links functional with rare exceptions | G7: All links accurate, checked and validated
A10: Factor | B10: Interactive Elements, Forms, FAQ
C12: Wfk - Fullfilment (%)
A13: Requirement | B13: Metric Evaluation | C13: 0 | D13: 25 | E13: 50 | F13: 75 | G13: 100
A14: =QEF!I4 -> FI1 - Interactive elements work as intended | B14: Buttons, forms, and interactions work correctly | C14: Buttons, forms, or interactions fail completely | D14: Most elements work, some fail intermittently | E14: Most work but some are missing feedback | F14: Everything functional but with small delays or UI issues | G14: All interactions respond correctly, instantly and consistently
A15: =QEF!I5 -> FI2 - A FAQ Page exist | B15: FAQ section provides useful information to users | C15: No FAQ section | E15: FAQ present but unclear | G15: Comprehensive, well-organized, user-friendly FAQ supporting navigation
A16: =QEF!I6 -> FI3 - Platform has Quizzes | B16: Interactive quizzes are available and functional | C16: No quizzes available | D16: Quizzes exist but are not functional | E16: Some quizzes functional but with errors | F16: All quizzes functional with small bugs | G16: All quizzes fully functional, responsive and engaging
A19: Factor | B19: Multimedia, Integrations
C21: Wfk - Fullfilment (%)
A22: Requirement | B22: Metric Evaluation | C22: 0 | D22: 25 | E22: 50 | F22: 75 | G22: 100
A23: =QEF!I7 -> FM1 - Multimedia elements (images, videos) load correctly | B23: Media loads and displays properly | C23: Media fails to load or is missing | D23: Some media broken or loading incorrectly | E23: Most media loads, but with quality issues | F23: Media loads fine but is not optimized | G23: All media loads smoothly, at correct resolution and is optimized
A24: =QEF!I8 -> FM2 - Progression System | B24: Any progression or achievement system works correctly | C24: System missing or non-functional | D24: Partially functional but unreliable | F24: Fully functional with minor issues | G24: Fully functional, consistent and optimized
A27: Factor | B27: Responsiveness, Performance
C29: Wfk - Fullfilment (%)
A30: Requirement | B30: Metric Evaluation | C30: 0 | D30: 25 | E30: 50 | F30: 75 | G30: 100
A31: =QEF!I9 -> FR1 - Pages and resources load without broken elements | B31: All resources load correctly | C31: Many broken resources, missing assets, or 404s | D31: Several missing resources | E31: Minor missing visuals | F31: Fully loaded pages with rare issues | G31: All elements load correctly on all pages
A32: =QEF!I10 -> FR2 - Feedback is implemented | B32: Visual or textual feedback provided after actions | C32: No feedback provided after user actions | E32: Feedback unclear or minimal | G32: Immediate, clear, and helpful feedback for all user actions
A35: Factor | B35: Security, Error Handling
C37: Wfk - Fullfilment (%)
A38: Requirement | B38: Metric Evaluation | C38: 0 | D38: 25 | E38: 50 | F38: 75 | G38: 100
A39: =QEF!I11 -> FS1 - Error Handling | B39: Users receive appropriate error messages when actions fail | C39: Errors not handled, crashes or blank screens | D39: Errors shown but generic or confusing | E39: Minimal error handling, messages too vague | F39: Functional error handling with clear messages | G39: Robust, user-friendly error handling with explanations and recovery options

Sheet Efficiency
A1: Dimension | B1: Efficiency
A2: Factor | B2: Efficiency
C4: Wfk - Fullfilment (%)
A5: Requirement | B5: Metric Evaluation | C5: 0 | D5: 25 | E5: 50 | F5: 75 | G5: 100
A6: E01: The communication speed is adequate | B6: The communication speed between the wbsite and the user is adequate. | C6: The program shows significant delays or frequent freezes | D6: The communication speed is inconsistent and sometimes slow | E6: The speed is acceptable but with occasional small delays | F6: The program responds quickly in most interactions | G6: Communication is always fast and smooth, with no noticeable delay for the user
A7: E02: The website work realiably | B7: The website works reliably, without errors. | C7: The program crashes frequently and contains serious errors | D7: The program presents occasional errors that compromise usage | E7: The program operates steadily, with rare failures | F7: The program is reliable and rarely shows technical problems | G7: The program works fully stable and reliably, without errors or interruptions
A8: E03: Good performance, capable of handling a large number of simultaneous users. | B8: The website responds quickly and reliably, even with many simultaneous users. | C8: System is slow or unresponsive; cannot handle more than a few users at a time. | D8: System performance is acceptable for a small number of users, but degrades significantly under moderate load. | E8: System handles moderate load well (e.g., tens of users) but shows lag when a large number of users access simultaneously. | F8: System handles a large number of simultaneous users efficiently, with minimal latency or downtime. | G8: System performs excellently under peak load; supports a very large number of simultaneous users seamlessly.
A9: E04: Scalable, capable of easily adding future lessons and content (efficient system growth). | B9: The system allows easy addition of new lessons and content, scaling efficiently. | C9: Adding new lessons or content is cumbersome; system requires major changes or downtime. | D9: Adding content is possible but slow and resource-intensive; frequent maintenance required. | E9: System allows addition of new content with moderate effort; occasional performance issues may occur. | F9: System supports easy addition of lessons and content with minimal effort; scales well with growth. | G9: System is highly scalable; new lessons and content can be added seamlessly without affecting performance.
A10: E05 - Pages load quickly | B10: The website's pages should load quickly and efficiently. (~2-3 seconds) | C10: No page loads quickly and efficiently. | E10: Some pages load quickly and efficiently. | G10: All pages load quickly and efficiently.
A11: E06 - Website provides consistent behavior | B11: The website's elements should have consistant behavior. (Buttons, links, etc). | C11: There's no consistancy in the website. | E11: Consistancy is somewhat present throughout the website. | G11: There's full consistancy throughout the website.
A12: UE07 -Pages and resources load without broken elements. | B12: The site displays all components correctly without missing files | C12: Many broken or missing elements | D12: Several visual issues | E12: Only minor missing visuals | F12: Pages load fully with rare issues | G12: Pages load perfectly with no broken elements
A13: E08 - Minimal loading times for main sections. | B13: The design adapts properly across major browsers | C13: Layout breaks completely | D13: Layout displays incorrectly on most browsers | E13: Layout stable on main browsers only | F13: Layout adjusts with minimal issues | G13: Layout consistent across all browsers
A14: E09 - Website main sections and links are functional and responsive | B14: Users can access all primary sections and navigation links without errors or dead ends | C14: Sections or links are broken | D14: Some links work but navigation is inconsistent | E14: Most main links work but not all | F14: All links work but some load inconsistently | G14: All links and sections work smoothly and respond correctly
A15: E10 - Navigation menus work consistently across pages. | B15: Users can open and use navigation menus on all pages | C15: Menus are not functional | D15: Menus work on some pages only | E15: Menus work but with layout issues | F15: Menus work well but have small inconsistencies | G15: Menus function consistently and responsively on all pages

Sheet Adaptability
A1: Dimension | B1: Adaptability
A2: Factor | B2: Readability
C4: Wfk - Fullfilment (%)
A5: Requirement | B5: Metric Evaluation | C5: 0 | D5: 25 | E5: 50 | F5: 75 | G5: 100
A6: High contrast between elements | B6: High contrast between text and background. | C6: Poor contrast throughout | D6: Some readable areas only | E6: Acceptable but inconsistent contrast | F6: Good contrast except minor issues | G6: High contrast and full readability across all content
A7: Clickable elements like links and buttons are easily identifiable. | B7: Clearly recognizable buttons and links | C7: Links/buttons are indistinguishable from text. | D7: Only some links/buttons are clear; others are hidden. | E7: Most are identifiable, but with inconsistent styling. | F7: All are identifiable, but lack clear hover/focus states. | G7: All elements are clearly distinct, with consistent and obvious interaction states.
A8: Legible font choices | B8: Use of clear, appropriately sized, and standard web fonts. | C8: Illegible or tiny fonts. | D8: Difficult-to-read fonts used in key areas. | E8: Fonts are legible, but sizing is inconsistent or slightly small. | F8: Fonts are clear and well-sized, with minor non-standard choices. | G8: Fonts are exceptionally clear, well-sized, and enhance readability.
A9: Adequate line spacing and length | B9: Application of appropriate line-height and text block width. | C9: Wall of text. Cramped lines and/or excessive line length. | D9: Some areas are cramped; others are too wide. | E9: Line spacing is acceptable but not ideal; line length is often too long. | F9: Good spacing and length in most areas, with minor inconsistencies. | G9: Optimal line-height and comfortable line length used consistently.
A10: Readable typography | B10: Clear visual hierarchy (headings, paragraphs, lists). | C10: No clear structure; content is one large block. | D10: Some structure, but illogical or unhelpful (e.g., misuse of headings). | E10: Basic structure is present (e.g., H1, paragraphs) but lacks nesting. | F10: Good hierarchy, but minor issues (e.g., skipping heading levels). | G10: Clear, logical, and consistent hierarchy that guides the user.
A13: Factor | B13: Ease-of-Use
C15: Wfk - Fullfilment (%)
A16: Requirement | B16: Metric Evaluation | C16: 0 | D16: 25 | E16: 50 | F16: 75 | G16: 100
A17: Clear and consistent navigation patterns. | B17: Menus, links and page structure allow users to find main content quickly and predictably | C17: No visible or usable navigation | D17: Navigation exists but is confusing | E17: Navigation workable but inconsistent | F17: Navigation mostly clear with minor issues | G17: Navigation is intuitive, consistent and complete
A18: User-friendly and responsive navigation for different devices | B18: The website is responsive and easy to navigate independent of the device | C18: Only works well on one type of device | E18: Partial device support, parts of the site are hard to navegate | G18: Navegation Is great in any device
A19: User can jump to any section of the website with ease | B19: How easy is to accesses an arbritray page of the site, does it have navegation aids and does it help the user find the content | C19: Missing all navegation aid, hard to jump to specific sections of the site, and hard to backtrack | E19: Missing navegation aid, not very easy to back track or find specific content | G19: Navegation is easy supported by navegation aids(breadcrumbs, menus, search), and it is easy to backtrack
A22: Factor | B22: Accessibility
C24: Wfk - Fullfilment (%)
A25: Requirement | B25: Metric Evaluation | C25: 0 | D25: 25 | E25: 50 | F25: 75 | G25: 100
A26: Avoid using color as the only means of conveying information. | B26: The user shouldn't need to be able to distinguish all colors to understand the information in the website. | C26: Colors are an essential part of understanding all information | G26: All information can be parsed even when not able to distinguish all colors
A27: Keyboard-only navigation is possible | B27: All sections of the website should be accessible using only a keyboard. | C27: A mouse is needed to navigate the website | G27: The entire website is accessible with only the keyboard
A28: Page follows logical reading order for assistive tech | B28: Assistive tech is able to parse the entire website. | C28: Assistive tech is not usable on the website | G28: All information can be parsed by assistive tech.
A29: Resizable text up to 200% without content loss. | B29: Text can be resized without cutting out/going offscreen | C29: Text cut off when resized at all. | E29: Text cuts off when resized more than 100% | G29: Text doesn't cut off when resized to 200%
A30: Multimedia content includes captions or transcripts | B30: Multimedia content (videos, audio) contains transcripts in text. | C30: No multimedia content contains captions/transcripts | E30: Captions exist but no transcripts. | G30: All multimedia content contains both captions and transcriptions
A31: Minimize complex language; use plain, understandable text. | B31: The language used should not be too technical. You don't need to have preexisting knowledge on a matter to understand what the text says | C31: Language used is highly technical and obtuse. | E31: Language used is consice, but still contains some technical terms. | G31: All language used is plain, simple, and understandable to anyone.
A34: Factor | B34: Support for low end devices
C36: Wfk - Fullfilment (%)
A37: Requirement | B37: Metric Evaluation | C37: 0 | D37: 25 | E37: 50 | F37: 75 | G37: 100
A38: Fast and responsive regardless of device | B38: Measure average load time, input latency, and frame stability on low-end hardware. | C38: App is sluggish or non-functional on low-end devices; load time > 10s; frequent freezes. | D38: Basic functions work but with major lag; load time 6–10s. | E38: Usable with occasional lag; load time 3–6s. | F38: Smooth experience with minor slowdowns; load time 2–3s. | G38: Fully responsive and smooth on all devices; load time < 2s.
A39: Font choice and size are adequate for all devices | B39: Evaluate readability (legibility score), scaling behavior, and accessibility on different screen resolutions. | C39: Fonts unreadable or inconsistent; text overlaps or cuts off on small screens. | D39: Readable only in some areas; inconsistent sizing; scaling issues. | E39: Generally readable but minor font or spacing issues remain. | F39: Readable and consistent; minor scaling variations on rare devices. | G39: Fully legible and consistent font size across all devices and resolutions.
A40: All features working on all commonly used browsers | B40: Verify functionality (feature tests) across Chrome, Firefox and Edge (including mobile versions). | C40: Major features broken in most browsers. | D40: Some key features fail in at least two browsers. | E40: Most features work; minor issues in some browsers. | F40: All major features work in all browsers; minor UI inconsistencies remain. | G40: All features and UI fully functional and consistent across all major browsers.
